10001;Abe Kōbō;Die Frau in den Dünen
10002;Chinua Achebe;Okonkwo oder Das Alte stürzt
10003;Theodor W. Adorno;Minima Moralia
10004;Theodor W. Adorno;Einleitung in die Musiksoziologie
10005;Äsop;Fabelsammlung
10006;Samuel Agnon;Gestern, vorgestern
10007;Ilse Aichinger;Die größere Hoffnung
10008;Tschingis Aitmatow;Dshamilja
10009;Alain-Fournier;Der große Meaulnes
10010;Mateo Alemán;Guzmán de Alfarache
10011;Nelson Algren;Der Mann mit dem goldenen Arm
10012;Isabel Allende;Das Geisterhaus
10013;Jorge Amado;Gabriela wie Zimt und Nelken
10014;Ingvar Ambjørnsen;Elling-Tetralogie
10015;Eric Ambler;Topkapi
10016;Jean Améry;Hand an sich legen
10017;Günther Anders;Die Antiquiertheit des Menschen
10018;Alfred Andersch;Sansibar oder der letzte Grund
10019;Hans Christian Andersen;Märchen
10020;Martin Andersen Nexø;Pelle, der Eroberer
10021;Sherwood Anderson;Winesburg, Ohio
10022;Mário de Andrade;Macunaíma – Der Held ohne jeden Charakter
10023;Ivo Andrić;Die Brücke über die Drina
10024;Jerzy Andrzejewski;Asche und Diamant
10025;Gabriele D’Annunzio;Feuer
10026;Gabriele D’Annunzio;Gilgamesch-Epos
10027;Gabriele D’Annunzio;Rigveda
10028;Gabriele D’Annunzio;Upanishaden
10029;Gabriele D’Annunzio;Reden des Buddha
10030;Gabriele D’Annunzio;Mahabharata
10031;Gabriele D’Annunzio;Ramayana
10032;Gabriele D’Annunzio;Das Buch der Wandlungen – Yijing
10033;Gabriele D’Annunzio;Bibel
10034;Gabriele D’Annunzio;Talmud
10035;Gabriele D’Annunzio;Koran
10036;Gabriele D’Annunzio;Beowulf
10037;Gabriele D’Annunzio;Rolandslied
10038;Gabriele D’Annunzio;Nibelungenlied
10039;Guillaume de Lorris, Jean de Meung;Rosenroman
10040;Guillaume de Lorris, Jean de Meung;Edda
10041;Guillaume de Lorris, Jean de Meung;Amadisroman
10042;Guillaume de Lorris, Jean de Meung;Jinpingmei
10043;Guillaume de Lorris, Jean de Meung;Tausendundeine Nacht
10044;António Lobo Antunes;Das Handbuch der Inquisitoren
10045;Guillaume Apollinaire;Alkohol
10046;Apuleius;Der goldene Esel
10047;Thomas von Aquin;Summa Theologiae
10048;Louis Aragon;Die Glocken von Basel
10049;Hannah Arendt;Eichmann in Jerusalem
10050;Pietro Aretino;Kurtisanengespräche
10051;Ludovico Ariosto;Der rasende Roland
10052;Aristoteles;Poetik
10053;Aristoteles;Politik
10054;Clemens Brentano und Achim von Arnim;Des Knaben Wunderhorn
10055;Hans Carl Artmann;med ana schwoazzn dintn
10056;Isaac Asimov;Ich, der Robot
10057;Miguel Ángel Asturias;Der Herr Präsident
10058;Margaret Atwood;Der Report der Magd
10059;W. H. Auden;Das Zeitalter der Angst
10060;Rudolf Augstein;Jesus Menschensohn
10061;Augustinus;Bekenntnisse
10062;Sri Aurobindo;Das Göttliche Leben
10063;Stefan Aust;Der Baader-Meinhof-Komplex
10064;Jane Austen;Stolz und Vorurteil
10065;Paul Auster;Die New-York-Trilogie
10066;Isaak Babel;Die Reiterarmee
10067;Riccardo Bacchelli;Die Mühle am Po
10068;Ingeborg Bachmann;Anrufung des Großen Bären
10069;Ingeborg Bachmann;Malina
10070;James Baldwin;Gehe hin und verkünde es vom Berge
10071;James Baldwin;Giovannis Zimmer
10072;Honoré de Balzac;Vater Goriot
10073;Honoré de Balzac;Verlorene Illusionen
10074;Honoré de Balzac;Glanz und Elend der Kurtisanen
10075;Peter Bamm;Die unsichtbare Flagge
10076;Herman Bang;Am Wege
10077;Alessandro Baricco;Novecento. Die Legende vom Ozeanpianisten
10078;Djuna Barnes;Nachtgewächs
10079;Julian Barnes;Eine Geschichte der Welt in 10 ½ Kapiteln
10080;Miguel Barnet;Der Cimarrón
10081;Karl Barth;Der Römerbrief
10082;Roland Barthes;Mythen des Alltags
10083;Luigi Bartolini;Fahrraddiebe
10084;Giorgio Bassani;Die Gärten der Finzi-Contini
10085;Charles Baudelaire;Die Blumen des Bösen
10086;Vicki Baum;Menschen im Hotel
10087;Simone de Beauvoir;Das andere Geschlecht
10088;Johannes R. Becher;Abschied
10089;Jurek Becker;Jakob der Lügner
10090;Samuel Beckett;Molloy
10091;Harriet Beecher Stowe;Onkel Toms Hütte
10092;Louis Begley;Lügen in Zeiten des Krieges
10093;Brendan Behan;Borstal Boy
10094;Carl Michael Bellman;Fredmans Episteln
10095;Saul Bellow;Die Abenteuer des Augie March
10096;Saul Bellow;Herzog
10097;Andrej Belyj;Petersburg
10098;Tahar Ben Jelloun;Die Nacht der Unschuld
10099;Walter Benjamin;Das Passagen-Werk
10100;Gottfried Benn;Morgue und andere Gedichte
10101;Joachim-Ernst Berendt;Das Jazzbuch
10102;Werner Bergengruen;Der Großtyrann und das Gericht
10103;Thomas Louis Berger;Der letzte Held
10104;Henri Bergson;Das Lachen
10105;Georges Bernanos;Tagebuch eines Landpfarrers
10106;Thomas Bernhard;Frost
10107;Bruno Bettelheim;Kinder brauchen Märchen
10108;Peter Bichsel;Eigentlich möchte Frau Blum den Milchmann kennen lernen
10109;Manfred Bieler;Der Mädchenkrieg
10110;Horst Bienek;Die Zelle
10111;Ambrose Bierce;Aus dem Wörterbuch des Teufels
10112;Hildegard von Bingen;Heilwissen
10113;Adolfo Bioy Casares;Morels Erfindung
10114;Otto von Bismarck;Gedanken und Erinnerungen
10115;Andrej Bitow;Das Puschkinhaus
10116;William Blake;Lieder der Unschuld und Erfahrung
10117;Silvio Blatter;Kein schöner Land
10118;Tania Blixen;Afrika, dunkel lockende Welt
10119;Ernst Bloch;Das Prinzip Hoffnung
10120;Giovanni Boccaccio;Das Dekameron
10121;Heinrich Böll;Und sagte kein einziges Wort
10122;Heinrich Böll;Gruppenbild mit Dame
10123;Heinrich Böll;Die verlorene Ehre der Katharina Blum
10124;Waldemar Bonsels;Die Biene Maja und ihre Abenteuer
10125;Jorge Luis Borges;Fiktionen
10126;Nicolas Born;Die Fälschung
10127;Hermann Bote;Till Eulenspiegel
10128;Paul Bowles;Himmel über der Wüste
10129;T. Coraghessan Boyle;World’s End
10130;Ray Bradbury;Fahrenheit 451
10131;Ulrich Bräker;Der arme Mann im Toggenburg (Tockenburg)
10132;Kazimierz Brandys;Warschauer Tagebuch
10133;Sebastian Brant;Das Narrenschiff
10134;Thomas Brasch;Vor den Vätern sterben die Söhne
10135;Bertolt Brecht;Der Dreigroschenroman
10136;Bertolt Brecht;Geschichten vom Herrn Keuner
10137;Alfred Edmund Brehm;Tierleben
10138;Clemens Brentano;Geschichte vom braven Kasperl und dem schönen Annerl
10139;Bernard von Brentano;Theodor Chindler
10140;André Breton;Die Manifeste des Surrealismus
10141;André Breton;Nadja
10142;Breyten Breytenbach;Wahre Bekenntnisse eines Albino-Terroristen
10143;Jean Anthelme Brillat-Savarin;Die Physiologie des Geschmacks
10144;Hermann Broch;Die Schlafwandler
10145;Hermann Broch;Der Tod des Vergil
10146;Joseph Brodsky;Römische Elegien
10147;Emily Brontë;Sturmhöhe
10148;Charlotte Brontë;Jane Eyre
10149;Dee Brown;Begrabt mein Herz an der Biegung des Flusses
10150;Christine Brückner;Jauche und Levkojen
10151;Giordano Bruno;Von der Ursache, dem Prinzip und dem Einen
10152;Thomas Brussig;Helden wie wir
10153;Martin Buber;Ich und Du
10154;Martin Buber;Die Erzählungen der Chassidim
10155;Lothar-Günther Buchheim;Das Boot
10156;Georg Büchner;Lenz
10157;Pearl S. Buck;Die gute Erde
10158;Charles Bukowski;Der Mann mit der Ledertasche
10159;Michail Bulgakow;Der Meister und Margarita
10160;Rudolf Bultmann;Neues Testament und Mythologie
10161;Edward Bulwer-Lytton;Die letzten Tage von Pompeji
10162;Iwan Bunin;Das Leben Arsenjews
10163;John Bunyan;Die Pilgerreise
10164;Jacob Burckhardt;Die Kultur der Renaissance in Italien
10165;Hermann Burger;Schilten
10166;Gottfried August Bürger;Münchhausen
10167;Anthony Burgess;Uhrwerk Orange
10168;Frances Hodgson Burnett;Der kleine Lord
10169;Edgar Rice Burroughs;Tarzan bei den Affen
10170;William S. Burroughs;Naked Lunch
10171;Wilhelm Busch;Max und Moritz
10172;Samuel Butler d. J.;Der Weg allen Fleisches
10173;Dino Buzzati;Die Tatarenwüste
10174;George Byron;Childe Harolds Pilgerfahrt
10175;Guillermo Cabrera Infante;Drei traurige Tiger
10176;Julius Caesar;Der gallische Krieg
10177;Erskine Caldwell;Die Tabakstraße
10178;Italo Calvino;Der Baron auf den Bäumen
10179;Andrea Camilleri;Die Form des Wassers
10180;Luís de Camões;Die Lusiaden
10181;Albert Camus;Der Fremde
10182;Albert Camus;Der Mythos des Sisyphos
10183;Albert Camus;Die Pest
10184;Elias Canetti;Die Blendung
10185;Elias Canetti;Masse und Macht
10186;Elias Canetti;Die gerettete Zunge
10187;Xueqin Cao;Der Traum der roten Kammer
10188;Truman Capote;Kaltblütig
10189;Fritjof Capra;Wendezeit
10190;;Carmina Burana
10191;Dale Carnegie;Sorge dich nicht – lebe!
10192;Alejo Carpentier;Barockkonzert
10193;Lewis Carroll;Alice im Wunderland
10194;Rachel Carson;Der stumme Frühling
10195;Howard Carter;Das Grab des Tut-ench-Amun
10196;Raymond Carver;Wovon wir reden, wenn wir von Liebe reden
10197;Giacomo Casanova;Geschichte meines Lebens
10198;Ernst Cassirer;Philosophie der symbolischen Formen
10199;Camilo José Cela;Der Bienenkorb
10200;Paul Celan;Mohn und Gedächtnis
10201;Louis-Ferdinand Céline;Reise ans Ende der Nacht
10202;C. W. Ceram;Götter, Gräber und Gelehrte
10203;Miguel de Cervantes;Don Quijote
10204;Adelbert von Chamisso;Peter Schlemihls wundersame Geschichte
10205;Raymond Chandler;Der große Schlaf
10206;Bruce Chatwin;Traumpfade
10207;Geoffrey Chaucer;Die Canterbury-Erzählungen
10208;Gilbert Keith Chesterton;Die Geschichten von Pater Brown
10209;Rafael Chirbes;Der lange Marsch
10210;Choderlos de Laclos;Gefährliche Liebschaften
10211;Noam Chomsky;Reflexionen über die Sprache
10212;Chrétien de Troyes;Erec und Enide
10213;Christiane F.;Wir Kinder vom Bahnhof Zoo
10214;Agatha Christie;Das fehlende Glied in der Kette
10215;Winston Churchill;Der Zweite Weltkrieg
10216;Cicero;Über den Redner
10217;Matthias Claudius;Sämtliche Werke des Wandsbecker Boten
10218;Hugo Claus;Der Kummer von Flandern
10219;Carl von Clausewitz;Vom Kriege
10220;John Cleland;Die Memoiren der Fanny Hill
10221;Jean Cocteau;Kinder der Nacht
10222;Paulo Coelho;Der Alchimist
10223;J. M. Coetzee;Schande
10224;Colette;Claudine-Romane
10225;Wilkie Collins;Die Frau in Weiß
10226;Carlo Collodi;Die Abenteuer von Pinocchio
10227;Joseph Conrad;Herz der Finsternis
10228;Joseph Conrad;Lord Jim
10229;James Fenimore Cooper;Die Lederstrumpf-Erzählungen
10230;Julio Cortázar;Rayuela – Himmel und Hölle
10231;Charles de Coster;Die Geschichte von Ulenspiegel
10232;Ralf Dahrendorf;Homo sociologicus
10233;Erich von Däniken;Erinnerungen an die Zukunft
10234;Dante Alighieri;Die göttliche Komödie
10235;Charles Darwin;Über die Entstehung der Arten durch natürliche Zuchtwahl
10236;Luciano De Crescenzo;Also sprach Bellavista
10237;Daniel Defoe;Robinson Crusoe
10238;Daniel Defoe;Moll Flanders
10239;Don DeLillo;Unterwelt
10240;René Descartes;Abhandlung über die Methode des richtigen Vernunftgebrauchs
10241;Karlheinz Deschner;Kriminalgeschichte des Christentums
10242;Charles Dickens;Oliver Twist
10243;Charles Dickens;David Copperfield
10244;Charles Dickens;Große Erwartungen
10245;Denis Diderot;Enzyklopädie
10246;Denis Diderot;Rameaus Neffe
10247;Hoimar von Ditfurth;So lasst uns denn ein Apfelbäumchen pflanzen
10248;Assia Djebar;Die Schattenkönigin
10249;Philippe Djian;Betty Blue. 37.2° am Morgen
10250;Alfred Döblin;Berlin Alexanderplatz
10251;Edgar Lawrence Doctorow;Ragtime
10252;Heimito von Doderer;Die Strudlhofstiege
10253;Heimito von Doderer;Die Dämonen
10254;John Dos Passos;Manhattan Transfer
10255;Fjodor Dostojewski;Schuld und Sühne
10256;Fjodor Dostojewski;Der Idiot
10257;Fjodor Dostojewski;Die Dämonen
10258;Fjodor Dostojewski;Die Brüder Karamasow
10259;Arthur Conan Doyle;Sherlock Holmes’ Abenteuer
10260;Albert Drach;Das große Protokoll gegen Zwetschkenbaum
10261;Theodor Dreiser;Eine amerikanische Tragödie
10262;Annette von Droste-Hülshoff;Die Judenbuche
10263;Daphne du Maurier;Rebecca
10264;Alexandre Dumas der Ältere;Die drei Musketiere
10265;Alexandre Dumas der Ältere;Der Graf von Monte Christo
10266;Alexandre Dumas der Jüngere;Die Kameliendame
10267;Marguerite Duras;Der Liebhaber
10268;Lawrence Durrell;Das Alexandria-Quartett
10269;Friedrich Dürrenmatt;Der Richter und sein Henker
10270;Friedrich Dürrenmatt;Der Tunnel
10271;Marie von Ebner-Eschenbach;Krambambuli
10272;José Maria Eça de Queiroz;Das Verbrechen des Paters Amaro
10273;Johann Peter Eckermann;Gespräche mit Goethe in den letzten Jahren seines Lebens
10274;Meister Eckhart;Das Buch der göttlichen Tröstung
10275;Umberto Eco;Der Name der Rose
10276;Ferit Edgü;Ein Winter in Hakkari
10277;Ilja Ehrenburg;Tauwetter
10278;Irenäus von Eibl-Eibesfeldt;Die Biologie menschlichen Verhaltens
10279;Joseph von Eichendorff;Aus dem Leben eines Taugenichts
10280;Albert Einstein;Über die spezielle und die allgemeine Relativitätstheorie
10281;Mircea Eliade;Geschichte der religiösen Ideen
10282;Norbert Elias;Über den Prozeß der Zivilisation
10283;George Eliot;Middlemarch
10284;T.S. Eliot;Das wüste Land
10285;Ralph Waldo Ellison;Unsichtbar
10286;Michael Ende;Die unendliche Geschichte
10287;Bernt Engelmann;Wir Untertanen
10288;Per Olov Enquist;Kapitän Nemos Bibliothek
10289;Anna Enquist;Das Meisterstück
10290;Péter Esterházy;Harmonia Caelestis
10291;Knut Faldbakken;Pan in Oslo
10292;Oriana Fallaci;Ein Mann
10293;Hans Fallada;Kleiner Mann – was nun?
10294;Hans Fallada;Wer einmal aus dem Blechnapf frisst
10295;Nuruddin Farah;Geheimnisse
10296;William Faulkner;Schall und Wahn
10297;William Faulkner;Licht im August
10298;Abu I-Kasim Mansur Ferdausi;Das Königsbuch
10299;Lion Feuchtwanger;Jud Süß
10300;Lion Feuchtwanger;Exil
10301;Henry Fielding;Die Geschichte des Tom Jones, eines Findlings
10302;Francis Scott Fitzgerald;Der große Gatsby
10303;Gustave Flaubert;Madame Bovary
10304;Gustave Flaubert;Lehrjahre des Gefühls
10305;Ken Follett;Die Nadel
10306;Theodor Fontane;Schach von Wuthenow
10307;Theodor Fontane;Der Stechlin
10308;Richard Ford;Unabhängigkeitstag
10309;Edward Morgan Forster;Zimmer mit Aussicht
10310;Frederick Forsyth;Der Schakal
10311;Erik Fosnes Hansen;Choral am Ende der Reise
10312;Michel Foucault;Die Ordnung der Dinge
10313;Paula Fox;Was am Ende bleibt
10314;Janet Frame;Ein Engel an meiner Tafel
10315;Anatole France;Die Götter dürsten
10316;Anne Frank;Tagebuch der Anne Frank
10317;Sigmund Freud;Die Traumdeutung
10318;Sigmund Freud;Das Ich und das Es
10319;Sigmund Freud;Das Unbehagen in der Kultur
10320;Gustav Freytag;Soll und Haben
10321;Erich Fried;Warngedichte
10322;Betty Friedan;Der Weiblichkeitswahn oder Die Mystifizierung der Frau
10323;Egon Friedell;Kulturgeschichte der Neuzeit
10324;Max Frisch;Stiller
10325;Max Frisch;Homo faber
10326;Erich Fromm;Haben oder Sein
10327;Carlo u. Lucentini, Franco Fruttero;Die Wahrheit über den Fall D.
10328;Carlos Fuentes;Terra Nostra
10329;Carlos Fuentes;Die Jahre mit Laura Diaz
10330;Jostein Gaarder;Sofies Welt
10331;Hans-Georg Gadamer;Wahrheit und Methode
10332;John Kenneth Galbraith;Gesellschaft im Ueberfluss
10333;Galileo Galilei;Dialog über die beiden hauptsächlichen Weltsysteme
10334;John Galsworthy;Die Forsyte-Saga
10335;Gabriel García Márquez;Hundert Jahre Einsamkeit
10336;Gabriel García Márquez;Der Herbst des Patriarchen
10337;Gabriel García Márquez;Die Liebe in den Zeiten der Cholera
10338;Wernher der Gartenaere;(Meier) Helmbrecht
10339;Jean Genet;Querelle
10340;Stefan George;Der siebente Ring
10341;Friedrich Gerstäcker;Die Flusspiraten des Mississippi
10342;;Die Geschichte des Prinzen Genji
10343;André Gide;Die Falschmünzer
10344;Natalia Ginzburg;Familienlexikon
10345;Friedrich Glauser;Matto regiert
10346;Albrecht Goes;Das Brandopfer
10347;Johann Wolfgang von Goethe;Die Leiden des jungen Werthers
10348;Johann Wolfgang von Goethe;Wilhelm Meisters Lehrjahre / Wilhelm Meisters Wanderjahre
10349;Johann Wolfgang von Goethe;Die Wahlverwandtschaften
10350;Johann Wolfgang von Goethe;Zur Farbenlehre
10351;Johann Wolfgang von Goethe;Aus meinem Leben. Dichtung und Wahrheit
10352;Nikolai Gogol;Tote Seelen
10353;William Golding;Herr der Fliegen
10354;Oliver Goldsmith;Der Pfarrer von Wakefield
10355;Ernst Gombrich;Die Geschichte der Kunst
10356;Witold Gombrowicz;Ferdydurke
10357;Edmond u. Jules Goncourt;Tagebuch der Brüder Goncourt
10358;Iwan Gontscharow;Oblomow
10359;Nadine Gordimer;Burgers Tochter
10360;Nadine Gordimer;Die Hauswaffe
10361;Maxim Gorki;Die Mutter
10362;Gottfried von Straßburg;Tristan
10363;Jeremias Gotthelf;Uli der Knecht – Uli der Pächter
10364;Juan Goytisolo;Identitätszeichen
10365;Baltasar Gracián;Handorakel und Kunst der Weltklugheit
10366;Oskar Maria Graf;Bolwieser
10367;Günter Grass;Die Blechtrommel
10368;Günter Grass;Katz und Maus
10369;Günter Grass;Der Butt
10370;Günter Grass;Das Treffen in Telgte
10371;Günter Grass;Im Krebsgang
10372;Julien Green;Leviathan
10373;Graham Greene;Die Kraft und die Herrlichkeit
10374;Graham Greene;Der dritte Mann
10375;Franz Grillparzer;Der arme Spielmann
10376;Jacob u. Wilhelm Grimm;Kinder- und Hausmärchen
10377;Jacob u. Wilhelm Grimm;Deutsches Wörterbuch
10378;Hans Jacob Grimmelshausen;Der abenteuerliche Simplicissimus
10379;Walter Gropius;Architektur. Wege zu einer optischen Kultur
10380;Max von der Grün;Irrlicht und Feuer
10381;Bernhard Grzimek;Serengeti darf nicht sterben
10382;Giovannino Guareschi;Don Camillo und Peppone
10383;Lars Gustafsson;Herr Gustafsson persönlich
10384;David Guterson;Schnee der auf Zedern fällt
10385;Jürgen Habermas;Theorie des kommunikativen Handelns
10386;Friedrich Hacker;Aggression
10387;Ernst Haeckel;Die Welträtsel
10388;Sebastian Haffner;Anmerkungen zu Hitler
10389;Ulla Hahn;Ein Mann im Haus
10390;Samuel Hahnemann;Organon der rationellen Heilkunde
10391;Alex Haley;Wurzeln
10392;Dashiell Hammett;Der Malteser Falke
10393;Knut Hamsun;Hunger
10394;Knut Hamsun;Segen der Erde
10395;Peter Handke;Der kurze Brief zum langen Abschied
10396;Peter Handke;Die Wiederholung
10397;Thomas Hardy;Tess von den d’Urbervilles
10398;Nikolaus Harnoncourt;Musik als Klangrede
10399;Heinrich Harrer;Sieben Jahre in Tibet
10400;Maarten ’t Hart;Das Wüten der ganzen Welt
10401;Peter Härtling;Hölderlin
10402;Hartmann von Aue;Der arme Heinrich
10403;Jaroslav Hašek;Die Abenteuer des braven Soldaten Schwejk
10404;Josef Haslinger;Opernball
10405;Wilhelm Hauff;Märchenalmanach auf das Jahr 1828
10406;Gerhart Hauptmann;Bahnwärter Thiel
10407;Stephen Hawking;Eine kurze Geschichte der Zeit
10408;Nathaniel Hawthorne;Der scharlachrote Buchstabe
10409;Johann Peter Hebel;Schatzkästlein des Rheinischen Hausfreundes
10410;Sven Hedin;Die Seidenstrasse
10411;Martin Heidegger;Sein und Zeit
10412;A. F. Th. van der Heijden;Der Anwalt der Hähne
10413;Christoph Hein;Willenbrock
10414;Heinrich Heine;Buch der Lieder
10415;Heinrich Heine;Deutschland. Ein Wintermärchen
10416;Werner Heisenberg;Der Teil und das Ganze
10417;Joseph Heller;Der IKS-Haken
10418;Ernest Hemingway;In einem andern Land
10419;Ernest Hemingway;Wem die Stunde schlägt
10420;Ernest Hemingway;Der alte Mann und das Meer
10421;Eckhard Henscheid;Die Vollidioten
10422;Willem Frederik Hermans;Die Dunkelkammer des Damokles
10423;Herodot;Historien
10424;Eugen Herrigel;Zen in der Kunst des Bogenschießens
10425;Theodor Herzl;Der Judenstaat
10426;Fritz von Herzmanovsky-Orlando;Der Gaulschreck im Rosennetz
10427;Hesiod;Werke und Tage
10428;Hermann Hesse;Siddhartha
10429;Hermann Hesse;Der Steppenwolf
10430;Hermann Hesse;Das Glasperlenspiel
10431;Thor Heyerdahl;Kon-Tiki
10432;Stefan Heym;Der bittere Lorbeer
10433;Stefan Heym;Der König David Bericht
10434;Patricia Highsmith;Der talentierte Mr. Ripley
10435;Wolfgang Hilbig;Das Provisorium
10436;Edgar Hilsenrath;Der Nazi & der Friseur
10437;Magnus Hirschfeld;Die Homosexualität des Mannes und des Weibes
10438;Shere Hite;Hite-Report – Das sexuelle Erleben der Frau
10439;Thomas Hobbes;Leviathan
10440;Peter Høeg;Fräulein Smillas Gespür für Schnee
10441;E.T.A. Hoffmann;Der goldene Topf
10442;E.T.A. Hoffmann;Die Elixiere des Teufels
10443;Heinrich Hoffmann;Struwwelpeter
10444;Douglas R. Hofstadter;Gödel, Escher, Bach – ein Endloses Geflochtenes Band
10445;Friedrich Hölderlin;Hyperion
10446;Homer;Ilias
10447;Homer;Odyssee
10448;Horaz;Oden
10449;Max Horkheimer, Theodor W. Adorno;Dialektik der Aufklärung
10450;Ödön von Horváth;Ein Kind unserer Zeit
10451;Michel Houellebecq;Ausweitung der Kampfzone
10452;Bohumil Hrabal;Ich habe den englischen König bedient
10453;Christoph Wilhelm Hufeland;Die Kunst, das menschliche Leben zu verlängern
10454;Victor Hugo;Der Glöckner von Notre Dame
10455;Victor Hugo;Die Elenden
10456;Johan Huizinga;Herbst des Mittelalters
10457;Keri Hulme;Unter dem Tagmond
10458;Alexander von Humboldt;Kosmos
10459;Thomas Hürlimann;Die Tessinerin
10460;Aldous Huxley;Schöne neue Welt
10461;Joris-Karl Huysmans;Gegen den Strich
10462;Lee Iacocca;Iacocca. Eine amerikanische Karriere
10463;Yasushi Inoue;Die Eiswand
10464;Washington Irving;Das Skizzenbuch
10465;John Irving;Garp und wie er die Welt sah
10466;Moses Isegawa;Abessinische Chronik
10467;Christopher Isherwood;Leb wohl, Berlin
10468;Kazuo Ishiguro;Was vom Tage übrigblieb
10469;Jens Peter Jacobsen;Niels Lyhne
10470;Hans Henny Jahnn;Fluss ohne Ufer
10471;Henry James;Bildnis einer Dame
10472;Ernst Jandl;Laut und Luise
10473;Karl Jaspers;Die geistige Situation der Zeit
10474;Jean Paul;Siebenkäs
10475;Abraham Bar Jehoschua;Der Liebhaber
10476;Elfriede Jelinek;Die Klavierspielerin
10477;Wenedikt Jerofejew;Die Reise nach Petuschki
10478;Juan Ramón Jiménez;Platero und ich
10479;Uwe Johnson;Mutmassungen über Jakob
10480;Uwe Johnson;Jahrestage
10481;Eyvind Johnson;Eine große Zeit
10482;Hans Jonas;Das Prinzip Verantwortung
10483;James Jones;Verdammt in alle Ewigkeit
10484;Erica Jong;Angst vorm Fliegen
10485;James Joyce;Dubliner
10486;James Joyce;Ulysses
10487;C.G. Jung;Psychologische Typen
10488;Jung Chang;Wilde Schwäne
10489;Ernst Jünger;In Stahlgewittern
10490;Ernst Jünger;Auf den Marmorklippen
10491;Robert Jungk;Die Zukunft hat schon begonnen
10492;Ismail Kadaré;Der General der toten Armee
10493;Franz Kafka;Die Verwandlung
10494;Franz Kafka;Der Prozess
10495;Franz Kafka;Das Schloss
10496;Immanuel Kant;Kritik der reinen Vernunft
10497;Hermann Kant;Die Aula
10498;Hermann Kasack;Die Stadt hinter dem Strom
10499;Nikos Kazantzakis;Alexis Sorbas
10500;Marie Luise Kaschnitz;Lange Schatten
10501;Erich Kästner;Emil und die Detektive
10502;Erich Kästner;Fabian
10503;Kawabata Yasunari;Tausend Kraniche
10504;Gottfried Keller;Der grüne Heinrich
10505;Gottfried Keller;Die Leute von Seldwyla
10506;Werner Keller;Und die Bibel hat doch recht
10507;Walter Kempowski;Tadellöser & Wolff
10508;Thomas Keneally;Schindlers Liste
10509;Johannes Kepler;Neue Astronomie
10510;Justinus Kerner;Die Seherin von Prevorst
10511;Jack Kerouac;Unterwegs
10512;Imre Kertész;Roman eines Schicksallosen
10513;Ken Kesey;Einer flog über das Kuckucksnest
10514;Irmgard Keun;Das kunstseidene Mädchen
10515;Ellen Key;Das Jahrhundert des Kindes
10516;John Maynard Keynes;Allgemeine Theorie der Beschäftigung, des Zinses und des Geldes
10517;Søren Kierkegaard;Der Begriff Angst
10518;Stephen King;Carrie
10519;Alfred Charles Kinsey;Das sexuelle Verhalten des Mannes / der Frau
10520;Rudyard Kipling;Das Dschungelbuch / Die Dschungelbücher
10521;Rudyard Kipling;Kim
10522;Bodo Kirchhoff;Infanta
10523;Danilo Kiš;Sanduhr
10524;Egon Erwin Kisch;Der rasende Reporter
10525;Ephraim Kishon;Drehen Sie sich um Frau Lot!
10526;Aleksis Kivi;Die sieben Brüder
10527;Heinrich von Kleist;Die Marquise von O...
10528;Heinrich von Kleist;Michael Kohlhaas
10529;Victor Klemperer;Ich will Zeugnis ablegen bis zum letzten. Tagebücher 1933–1945
10530;Victor Klemperer;LTI. Notizbuch eines Philologen
10531;Friedrich Gottlieb Klopstock;Der Messias
10532;Alexander Kluge;Schlachtbeschreibung
10533;Alexander Kluge;Chronik der Gefühle
10534;Adolph Freiherr Knigge;Über den Umgang mit Menschen
10535;Wolfgang Koeppen;Das Treibhaus
10536;Arthur Koestler;Sonnenfinsternis
10537;Eugen Kogon;Der SS-Staat
10538;Annette Kolb;Die Schaukel
10539;Christoph Kolumbus;Das Bordbuch
10540;Konfuzius;Gespräche
10541;György Konrád;Der Komplize
10542;Siegfried Kracauer;Von Caligari zu Hitler
10543;Richard von Krafft-Ebing;Psychopathia sexualis
10544;Brigitte Kronauer;Berittener Bogenschütze
10545;Jaan Kross;Der Verrückte des Zaren
10546;Thomas S. Kuhn;Die Struktur wissenschaftlicher Revolutionen
10547;Dieter Kühn;Trilogie des Mittelalters
10548;Milan Kundera;Die unerträgliche Leichtigkeit des Seins
10549;Hans Küng;Existiert Gott?
10550;Hanif Kureishi;Der Buddha aus der Vorstadt
10551;Marie Madeleine de La Fayette;Die Prinzessin von Clèves
10552;Jean de La Fontaine;Fabeln
10553;François de La Rochefoucauld;Reflexionen oder Sentenzen und moralische Maximen
10554;Pär Lagerkvist;Barrabas
10555;Selma Lagerlöf;Gösta Berling
10556;Selma Lagerlöf;Wunderbare Reise des kleinen Nils Holgersson
10557;Ronald D. Laing;Das geteilte Selbst
10558;Elisabeth Langgässer;Das unauslöschliche Siegel
10559;Laotse;Das Buch vom Sinn des Lebens
10560;Lautréamont;Die Gesänge des Maldoror
10561;D.H. Lawrence;Söhne und Liebhaber
10562;D.H. Lawrence;Lady Chatterley
10563;T.E. Lawrence;Die sieben Säulen der Weisheit
10564;Halldór Laxness;Die Islandglocke
10565;Gustave Le Bon;Die Psychologie der Massen
10566;John le Carré;Der Spion, der aus der Kälte kam
10567;Gertrud von le Fort;Das Schweißtuch der Veronika
10568;Richard, Lewin, Roger Leakey;Der Ursprung des Menschen
10569;Hans Lebert;Die Wolfshaut
10570;Stanislaw Jerzy Lec;Unfrisierte Gedanken
10571;Gavino Ledda;Padre Padrone – Mein Vater, mein Herr
10572;Harper Lee;Wer die Nachtigall stört
10573;Gottfried Wilhelm Leibniz;Die Theodizee
10574;Stanislaw Lem;Solaris
10575;Wladimir Iljitsch Lenin;Was tun?
10576;Siegfried Lenz;So zärtlich war Suleyken
10577;Siegfried Lenz;Deutschstunde
10578;Donna Leon;Venezianisches Finale
10579;Wolfgang Leonhard;Die Revolution entlässt ihre Kinder
10580;Michail Lermontow;Ein Held unserer Zeit
10581;Alain-René Lesage;Gil Blas von Santillana
10582;Nikolai Leskow;Die Lady Macbeth aus dem Landkreis Mzensk
10583;Doris Lessing;Das goldene Notizbuch
10584;Carlo Levi;Christus kam nur bis Eboli
10585;Primo Levi;Ist das ein Mensch?
10586;Claude Lévi-Strauss;Traurige Tropen
10587;Sinclair Lewis;Babbitt
10588;Georg Christoph Lichtenberg;Sudelbücher
10589;Charles August Lindbergh;Mein Flug über den Ozean
10590;Astrid Lindgren;Pippi Langstrumpf
10591;John Locke;Zwei Abhandlungen über die Regierung
10592;David Lodge;Ortswechsel
10593;Erich Loest;Nikolaikirche
10594;Jack London;Der Ruf der Wildnis
10595;Jack London;Der Seewolf
10596;Elias Lönnrot;Kalevala
10597;Konrad Lorenz;Das sogenannte Böse
10598;Malcolm Lowry;Unter dem Vulkan
10599;Niklas Luhmann;Die Gesellschaft der Gesellschaft
10600;Georg Lukács;Geschichte und Klassenbewusstsein
10601;Lukian von Samosata;Hetärengespräche
10602;Martin Luther;Von der Freiheit eines Christenmenschen
10603;Joaquim Maria Machado de Assis;Nachträgliche Memoiren des Brás Cubas
10604;Nagib Mahfuz;Die Midaq-Gasse
10605;Niccolò Machiavelli;Der Fürst
10606;Norman Mailer;Die Nackten und die Toten
10607;Bernard Malamud;Der Fixer
10608;Curzio Malaparte;Die Haut
10609;Bronisław Malinowski;Geschlecht und Verdrängung in primitiven Gesellschaften
10610;Stéphane Mallarmé;Der Nachmittag eines Fauns
10611;André Malraux;So lebt der Mensch
10612;Benoît Mandelbrot;Die Fraktale Geometrie der Natur
10613;Henning Mankell;Mörder ohne Gesicht
10614;Thomas Mann;Buddenbrooks
10615;Thomas Mann;Der Tod in Venedig
10616;Thomas Mann;Der Zauberberg
10617;Thomas Mann;Doktor Faustus
10618;Thomas Mann;Bekenntnisse des Hochstaplers Felix Krull
10619;Heinrich Mann;Professor Unrat
10620;Heinrich Mann;Der Untertan
10621;Heinrich Mann;Die Jugend des Königs Henri Quatre
10622;Klaus Mann;Mephisto
10623;Katherine Mansfield;Das Gartenfest und andere Geschichten
10624;Alessandro Manzoni;Die Verlobten
10625;Mao Zedong;Worte des Vorsitzenden Mao Tse-tung
10626;Sándor Márai;Die Glut
10627;Dacia Maraini;Die stumme Herzogin
10628;Herbert Marcuse;Der eindimensionale Mensch
10629;Javier Marías;Mein Herz so weiß
10630;Mark Aurel;Selbstbetrachtungen
10631;Mark Twain;Tom Sawyers Abenteuer
10632;Mark Twain;Huckleberry Finns Abenteuer
10633;E. Marlitt;Die zweite Frau
10634;Monika Maron;Flugasche
10635;Karl Marx;Das Kapital
10636;Friedrich Engels und Karl Marx;Manifest der kommunistischen Partei
10637;W. Somerset Maugham;Der Menschen Hörigkeit
10638;Guy de Maupassant;Bel-Ami
10639;François Mauriac;Die Tat der Thérèse Desqueyroux
10640;Karl May;Winnetou
10641;Friederike Mayröcker;Reise durch die Nacht
10642;Mary McCarthy;Die Clique
10643;Frank McCourt;Die Asche meiner Mutter
10644;Carson McCullers;Das Herz ist ein einsamer Jäger
10645;Ian McEwan;Der Zementgarten
10646;Ian McEwan;Abbitte
10647;Marshall McLuhan;Die magischen Kanäle
10648;Margaret Mead;Jugend und Sexualität in primitiven Gesellschaften
10649;Dennis L. Meadows;Die Grenzen des Wachstums
10650;Herman Melville;Moby Dick
10651;Robert Menasse;Schubumkehr
10652;Prosper Mérimée;Carmen
10653;Conrad Ferdinand Meyer;Jürg Jenatsch
10654;Gustav Meyrink;Der Golem
10655;Adam Mickiewicz;Pan Tadeusz oder Der letzte Einritt in Litauen
10656;Henry Miller;Wendekreis des Krebses
10657;Alice Miller;Am Anfang war Erziehung
10658;Kate Millett;Sexus und Herrschaft
10659;Alan Alexander Milne;Pu der Bär
10660;John Milton;Das verlorene Paradies
10661;Yukio Mishima;Geständnis einer Maske
10662;Margaret Mitchell;Vom Winde verweht
10663;Alexander Mitscherlich;Medizin ohne Menschlichkeit
10664;Alexander Mitscherlich;Auf dem Weg zur vaterlosen Gesellschaft
10665;Alexander u. Margarete Mitscherlich;Die Unfähigkeit zu trauern
10666;Antonio Muñoz Molina;Der polnische Reiter
10667;Theodor Mommsen;Römische Geschichte
10668;Jacques Monod;Zufall und Notwendigkeit
10669;Michel de Montaigne;Essays
10670;Charles de Montesquieu;Vom Geist der Gesetze
10671;Maria Montessori;Die Entdeckung des Kindes
10672;Margriet de Moor;Der Virtuose
10673;Elsa Morante;La Storia
10674;Alberto Moravia;La Noia
10675;Thomas More;Utopia
10676;Christian Morgenstern;Galgenlieder
10677;Irmtraud Morgner;Leben und Abenteuer der Trobadora Beatriz
10678;Eduard Mörike;Mozart auf der Reise nach Prag
10679;Karl Philipp Moritz;Anton Reiser
10680;Desmond Morris;Der nackte Affe
10681;Toni Morrison;Menschenkind
10682;Harry Mulisch;Das Attentat
10683;Harry Mulisch;Die Entdeckung des Himmels
10684;Herta Müller;Der Fuchs war damals schon der Jäger
10685;Multatuli;Max Havelaar
10686;Haruki Murakami;Gefährliche Geliebte
10687;Iris Murdoch;Der Schwarze Prinz
10688;Henri Murger;La Boheme
10689;Joseph Murphy;Die Macht ihres Unterbewusstseins
10690;Adolf Muschg;Baiyun oder die Freundschaftsgesellschaft
10691;Robert Musil;Die Verwirrungen des Zöglings Törless
10692;Robert Musil;Der Mann ohne Eigenschaften
10693;Vladimir Nabokov;Lolita
10694;Péter Nádas;Buch der Erinnerung
10695;Sten Nadolny;Die Entdeckung der Langsamkeit
10696;V. S. Naipaul;Ein Haus für Mr. Biswas
10697;Fridtjof Nansen;In Nacht und Eis
10698;Taslima Nasrin;Scham
10699;Marguerite de Navarre;Das Heptameron
10700;Alexander Sutherland Neill;Erziehung in Summerhill
10701;Pablo Neruda;Der große Gesang
10702;Friedrich Nietzsche;Also sprach Zarathustra
10703;Anaïs Nin;Die Tagebücher der Anaïs Nin
10704;Elisabeth Noelle-Neumann;Die Schweigespirale
10705;Ingrid Noll;Die Apothekerin
10706;Cees Nooteboom;Rituale
10707;Hans Erich Nossack;Spätestens im November
10708;Nostradamus;Die Prophezeiungen
10709;Novalis;Heinrich von Ofterdingen
10710;Joyce Carol Oates;Im Dickicht der Kindheit
10711;Kenzaburo Oe;Die Brüder Nedokoro
10712;Michael Ondaatje;Der englische Patient
10713;José Ortega y Gasset;Der Aufstand der Massen
10714;George Orwell;Farm der Tiere
10715;George Orwell;1984
10716;Ovid;Metamorphosen
10717;Amos Oz;Mein Michael
10718;Vance Packard;Die geheimen Verführer
10719;Andrea Palladio;Die vier Bücher zur Architektur
10720;Erwin Panofsky;Die Renaissance der europäischen Kunst
10721;Cyril Northcote Parkinson;Parkinsons Gesetz und andere Untersuchungen über die Verwaltung
10722;Blaise Pascal;Gedanken
10723;Pier Paolo Pasolini;Ragazzi di vita
10724;Boris Pasternak;Doktor Schiwago
10725;Alan Paton;Denn sie sollen getröstet werden
10726;Konstantin Paustowski;Erzählung vom Leben
10727;Cesare Pavese;Junger Mond
10728;Octavio Paz;Das Labyrinth der Einsamkeit
10729;Viktor Pelewin;Generation P
10730;Walker Percy;Der Idiot des Südens
10731;Leo Perutz;Nachts unter der steinernen Brücke
10732;Fernando Pessoa;Das Buch der Unruhe
10733;Francesco Petrarca;Canzoniere
10734;Petronius;Satyricon
10735;Nikolaus Pevsner;Europäische Architektur
10736;Jean Piaget;Das Erwachen der Intelligenz beim Kinde
10737;Luigi Pirandello;Mattia Pascal
10738;Sylvia Plath;Die Glasglocke
10739;Platon;Der Staat
10740;Andrej Platonow;Unterwegs nach Tschevengur
10741;Ulrich Plenzdorf;Die neuen Leiden des jungen W.
10742;Theodor Plievier;Stalingrad
10743;Plutarch;Parallelbiographien
10744;Edgar Allan Poe;Der Untergang des Hauses Usher
10745;Marco Polo;Die Wunder der Welt
10746;Katherine Anne Porter;Das Narrenschiff
10747;Rudolf Pörtner;Mit dem Fahrstuhl in die Römerzeit
10748;Neil Postman;Wir amüsieren uns zu Tode
10749;Ezra Pound;Cantos
10750;Otfried Preußler;Der Räuber Hotzenplotz
10751;Antoine-François Prévost d’Exiles;Manon Lescaut
10752;E. Annie Proulx;Schiffsmeldungen
10753;Marcel Proust;Auf der Suche nach der verlorenen Zeit
10754;Manuel Puig;Der Kuss der Spinnenfrau
10755;Alexander Puschkin;Eugen Onegin
10756;Mario Puzo;Der Pate
10757;Thomas Pynchon;Die Enden der Parabel
10758;Raymond Queneau;Zazie in der Metro
10759;Wilhelm Raabe;Stopfkuchen
10760;François Rabelais;Gargantua und Pantagruel
10761;Raymond Radiguet;Den Teufel im Leib
10762;Karl Rahner;Grundkurs des Glaubens
10763;Charles-Ferdinand Ramuz;Besuch des Dichters
10764;Leopold von Ranke;Deutsche Geschichte im Zeitalter der Reformation
10765;Christoph Ransmayr;Die letzte Welt
10766;Valentin Rasputin;Abschied von Matjora
10767;Wilhelm Reich;Die sexuelle Revolution
10768;Brigitte Reimann;Ankunft im Alltag
10769;;Reineke Fuchs
10770;Erich Maria Remarque;Im Westen nichts Neues
10771;Gerard Reve;Die Abende
10772;Wladyslaw Stanislaw Reymont;Die Bauern
10773;João Ubaldo Ribeiro;Sargento Getúlio
10774;Samuel Richardson;Pamela oder Die belohnte Tugend
10775;Horst-Eberhard Richter;Umgang mit der Angst
10776;Rainer Maria Rilke;Die Aufzeichnungen des Malte Laurids Brigge
10777;Rainer Maria Rilke;Duineser Elegien
10778;Arthur Rimbaud;Eine Zeit in der Hölle
10779;Joachim Ringelnatz;Kuttel Daddeldu
10780;Luise Rinser;Mitte des Lebens
10781;Alain Robbe-Grillet;Die Jalousie oder die Eifersucht
10782;João Guimarães Rosa;Grande Sertão
10783;Joseph Roth;Hiob
10784;Joseph Roth;Radetzkymarsch
10785;Philip Roth;Portnoys Beschwerden
10786;Philip Roth;Der menschliche Makel
10787;Erasmus von Rotterdam;Lob der Torheit
10788;Jean-Jacques Rousseau;Emile oder über die Erziehung
10789;Jean-Jacques Rousseau;Über den Gesellschaftsvertrag
10790;Jean-Jacques Rousseau;Die Bekenntnisse
10791;Joanne K. Rowling;Harry Potter und der Stein der Weisen
10792;Juan Rulfo;Pedro Páramo
10793;Salman Rushdie;Die satanischen Verse
10794;John Ruskin;Die sieben Leuchter der Baukunst
10795;Bertrand Russell;Einführung in die mathematische Philosophie
10796;Anatoli Rybakow;Die Kinder vom Arbat
10797;Oliver Sacks;Der Mann, der seine Frau mit einem Hut verwechselte
10798;Donatien Marquis de Sade;Die 120 Tage von Sodom oder Die Schule der Libertinage.
10799;Françoise Sagan;Bonjour tristesse
10800;Carl Sagan;Unser Kosmos
10801;Antoine de Saint-Exupéry;Wind, Sand und Sterne
10802;Antoine de Saint-Exupéry;Der kleine Prinz
10803;J.D. Salinger;Der Fänger im Roggen
10804;Ernst von Salomon;Der Fragebogen
10805;Jewgeni Samjatin;Wir
10806;George Sand;Die Geschichte meines Lebens
10807;José Saramago;Geschichte der Belagerung von Lissabon
10808;José Saramago;Die Stadt der Blinden
10809;Ken Saro-Wiwa;Sozaboy
10810;Nathalie Sarraute;Tropismus
10811;Jean-Paul Sartre;Der Ekel
10812;Jean-Paul Sartre;Das Sein und das Nichts
10813;Jean-Paul Sartre;Die Wege der Freiheit
10814;Jean-Paul Sartre;Die Wörter
10815;Dorothy Sayers;Hochzeit kommt vor dem Fall
10816;Warlam Schalamow;Geschichten aus Kolyma
10817;Rafik Schami;Erzähler der Nacht
10818;Hartmann Schedel;Weltchronik
10819;Helmut Schelsky;Die skeptische Generation
10820;Erich Scheurmann;Der Papalagi
10821;Friedrich Schiller;Der Verbrecher aus verlorener Ehre
10822;Heinrich Schliemann;Bericht über die Ausgrabungen in Troja
10823;Bernhard Schlink;Der Vorleser
10824;Arno Schmidt;Nobodaddys Kinder
10825;Arno Schmidt;Zettels Traum
10826;Johann Gottfried Schnabel;Die Insel Felsenburg
10827;Robert Schneider;Schlafes Bruder
10828;Arthur Schnitzler;Leutnant Gustl
10829;Arthur Schnitzler;Der Weg ins Freie
10830;Scholem Alejchem;Tewje, der Milchmann
10831;Peter Scholl-Latour;Der Tod im Reisfeld
10832;Michail Scholochow;Der Stille Don
10833;Arthur Schopenhauer;Die Welt als Wille und Vorstellung
10834;Olive Schreiner;Geschichte einer afrikanischen Farm
10835;Bruno Schulz;Die Zimtläden
10836;Ingo Schulze;Simple Storys
10837;Joseph Alois Schumpeter;Kapitalismus, Sozialismus und Demokratie
10838;Gustav Schwab;Die schönsten Sagen des klassischen Altertums
10839;Alice Schwarzer;Der kleine Unterschied und seine großen Folgen
10840;Albert Schweitzer;Aus meinem Leben und Denken
10841;Walter Scott;Ivanhoe
10842;W. G. Sebald;Austerlitz
10843;Hans Sedlmayr;Verlust der Mitte
10844;Erich Segal;Love Story
10845;Anna Seghers;Das siebte Kreuz
10846;Anna Seghers;Transit
10847;Hubert Selby;Letzte Ausfahrt Brooklyn
10848;Jorge Semprún;Die große Reise
10849;Johann Gottfried Seume;Spaziergang nach Syrakus im Jahre 1802
10850;William Shakespeare;Sonette
10851;Zeruya Shalev;Liebesleben
10852;Mary Shelley;Frankenstein oder Der neue Prometheus
10853;Henryk Sienkiewicz;Quo vadis?
10854;Alan Sillitoe;Die Einsamkeit des Langstreckenläufers
10855;Ignazio Silone;Brot und Wein
10856;Georges Simenon;Pietr der Lette
10857;Johannes Mario Simmel;Es muß nicht immer Kaviar sein
10858;Claude Simon;Triptychon
10859;Upton Sinclair;Der Dschungel
10860;Isaac Bashevis Singer;Die Familie Moschkat
10861;Antonio Skármeta;Mit brennender Geduld
10862;Peter Sloterdijk;Kritik der zynischen Vernunft
10863;Jane Smiley;Tausend Morgen
10864;Adam Smith;Eine Untersuchung über das Wesen und die Ursachen des Reichtums der Nationen
10865;Alexander Solschenizyn;Ein Tag im Leben des Iwan Denissowitsch
10866;Alexander Solschenizyn;Der Archipel GULAG
10867;Werner Sombart;Der moderne Kapitalismus
10868;Wole Soyinka;Der Mann ist tot
10869;Oswald Spengler;Der Untergang des Abendlandes
10870;Manès Sperber;Wie eine Träne im Ozean
10871;Baruch de Spinoza;Die Ethik
10872;Heinrich Spoerl;Die Feuerzangenbowle
10873;Johanna Spyri;Heidi
10874;Anne Louise Germaine de Staël;Über Deutschland
10875;Peter Stamm;Ungefähre Landschaft
10876;Henry Morton Stanley;Wie ich Livingstone fand
10877;Gertrude Stein;Autobiographie von Alice B. Toklas
10878;John Steinbeck;Die Früchte des Zorns
10879;John Steinbeck;Jenseits von Eden
10880;Rudolf Steiner;Die Geheimwissenschaft im Umriss
10881;Stendhal;Rot und Schwarz
10882;Stendhal;Die Kartause von Parma
10883;Dolf Sternberger;Aus dem Wörterbuch des Unmenschen
10884;Laurence Sterne;Leben und Ansichten von Tristram Shandy, Gentleman
10885;Robert Louis Stevenson;Der seltsame Fall des Dr. Jekyll und Mr. Hyde
10886;Robert Louis Stevenson;Die Schatzinsel
10887;Adalbert Stifter;Der Nachsommer
10888;Bram Stoker;Dracula
10889;Theodor Storm;Immensee
10890;Theodor Storm;Der Schimmelreiter
10891;Botho Strauß;Paare, Passanten
10892;August Strindberg;Das rote Zimmer
10893;Erwin Strittmatter;Der Laden
10894;Arkadi u. Boris Strugatzki;Picknick am Wegesrand
10895;William Styron;Sophies Wahl
10896;Eugène Sue;Die Geheimnisse von Paris
10897;Patrick Süskind;Das Parfum
10898;Bertha von Suttner;Die Waffen nieder!
10899;Italo Svevo;Zeno Cosini
10900;Jonathan Swift;Gullivers Reisen
10901;Andrzej Szczypiorski;Die schöne Frau Seidenmann
10902;Antonio Tabucchi;Erklärt Pereira
10903;Tacitus;Germania
10904;Rabindranath Tagore;Liedopfer
10905;Pierre Teilhard de Chardin;Der Mensch im Kosmos
10906;William Makepeace Thackeray;Jahrmarkt der Eitelkeit
10907;Albert Vigoleis Thelen;Die Insel des zweiten Gesichts
10908;Ludwig Thoma;Lausbubengeschichten
10909;Henry David Thoreau;Walden oder Leben in den Wäldern
10910;Ludwig Tieck;Franz Sternbalds Wanderungen
10911;Felix Timmermans;Pallieter
10912;Aleksandar Tišma;Kapo
10913;Alexis de Tocqueville;Über die Demokratie in Amerika
10914;J. R. R. Tolkien;Der Herr der Ringe
10915;Lew N. Tolstoi;Krieg und Frieden
10916;Lew N. Tolstoi;Anna Karenina
10917;Lew N. Tolstoi;Die Kreutzersonate
10918;Giuseppe Tomasi di Lampedusa;Der Leopard
10919;Friedrich Torberg;Der Schüler Gerber hat absolviert
10920;Friedrich Torberg;Die Tante Jolesch
10921;Arnold J. Toynbee;Der Gang der Weltgeschichte
10922;Georg Trakl;Sebastian im Traum
10923;B. Traven;Das Totenschiff
10924;Juri Trifonow;Das Haus an der Moskwa
10925;Anton P. Tschechow;Die Dame mit dem Hündchen
10926;Barbara Tuchman;Die Torheit der Regierenden
10927;Kurt Tucholsky;Schloss Gripsholm
10928;Iwan Turgenjew;Väter und Söhne
10929;Miguel de Unamuno;Nebel
10930;Sigrid Undset;Kristin Lavranstochter
10931;John Updike;Rabbit in Ruhe
10932;Leon Uris;Exodus
10933;Birgit Vanderbeke;Alberta empfängt einen Liebhaber
10934;Mario Vargas Llosa;Der Hauptmann und sein Frauenbataillon
10935;Mario Vargas Llosa;Das Fest des Ziegenbocks
10936;Giorgio Vasari;Leben der ausgezeichnetsten Maler, Bildhauer und Baumeister von Cimabue bis zum Jahre 1567
10937;Mallanaga Vatsyayana;Kamasutra
10938;Theodoor Hendrik van de Velde;Die vollkommene Ehe
10939;Giovanni Verga;Sizilianische Bauernehre
10940;Vergil;Aeneis
10941;Jules Verne;20 000 Meilen unter dem Meer
10942;Bernward Vesper;Die Reise
10943;Gore Vidal;Burr
10944;François Villon;Das große und das kleine Testament
10945;Vitruv;Über die Architektur/ Über die Baukunst
10946;Voltaire;Candide oder Der Optimismus
10947;Kurt Vonnegut;Schlachthof 5 oder Der Kinderkreuzzug
10948;Christian August Vulpius;Rinaldo Rinaldini, der Räuberhauptmann
10949;Maj Sjöwall und Per Wahlöö;Die Terroristen
10950;Alice Walker;Die Farbe Lila
10951;Edgar Wallace;Der Hexer
10952;Günter Wallraff;Ganz unten
10953;Horace Walpole;Die Burg von Otranto
10954;Robert Walser;Der Gehülfe
10955;Robert Walser;Jakob von Gunten
10956;Martin Walser;Halbzeit
10957;Martin Walser;Ein fliehendes Pferd
10958;Mika Waltari;Sinuhe der Ägypter
10959;Jakob Wassermann;Caspar Hauser oder Die Trägheit des Herzens
10960;James Watson;Die Doppel-Helix
10961;Paul Watzlawick;Anleitung zum Unglücklichsein
10962;Evelyn Waugh;Tod in Hollywood
10963;Max Weber;Wirtschaft und Gesellschaft
10964;Otto Weininger;Geschlecht und Charakter
10965;Peter Weiss;Abschied von den Eltern
10966;Peter Weiss;Die Ästhetik des Widerstandes
10967;Carl Friedrich von Weizsäcker;Der bedrohte Friede
10968;H. G. Wells;Die Zeitmaschine
10969;Herbert Wendt;Ich suchte Adam
10970;Franz Werfel;Die vierzig Tage des Musa Dagh
10971;Franz Werfel;Der veruntreute Himmel
10972;Nathanael West;Der Tag der Heuschrecke
10973;Patrick White;Zur Ruhe kam der Baum des Menschen nie
10974;Walt Whitman;Grashalme
10975;Urs Widmer;Vor uns die Sintflut
10976;Christoph Martin Wieland;Geschichte der Abderiten
10977;Norbert Wiener;Kybernetik
10978;Oscar Wilde;Das Bildnis des Dorian Gray
10979;Thornton Wilder;Die Brücke von San Luis Rey
10980;Thornton Wilder;Die Iden des März
10981;Johann Joachim Winckelmann;Geschichte der Kunst des Altertums
10982;Josef Winkler;Natura morta
10983;Leon de Winter;Hoffmanns Hunger
10984;Ludwig Wittgenstein;Tractatus logico-philosophicus
10985;Christa Wolf;Der geteilte Himmel
10986;Christa Wolf;Kassandra
10987;Thomas Wolfe;Schau heimwärts, Engel!
10988;Tom Wolfe;Fegefeuer der Eitelkeiten
10989;Wolfram von Eschenbach;Parzival
10990;Virginia Woolf;Mrs. Dalloway
10991;Virginia Woolf;Orlando
10992;Herman Wouk;Die Caine war ihr Schicksal
10993;Xenophon;Anabasis oder Der Zug der Zehntausend
10994;Yaşar Kemal;Memed mein Falke
10995;Marguerite Yourcenar;Ich zähmte die Wölfin
10996;Émile Zola;Die Rougon-Macquart
10997;Arnold Zweig;Der Streit um den Sergeanten Grischa
10998;Stefan Zweig;Sternstunden der Menschheit
10999;Stefan Zweig;Ungeduld des Herzens
11000;Stefan Zweig;Schachnovelle
11001;Aischylos;Die Perser
11002;Roald Amundsen;Die Eroberung des Südpols
11003;Roald Amundsen;Brockhaus
11004;Roald Amundsen;Duden. Die deutsche Rechtschreibung
11006;Samuel Beckett;Warten auf Godot
11007;Jacques Berndorf;Eifel-Liebe
11008;Thomas Bernhard;Heldenplatz
11009;Wolfgang Borchert;Draußen vor der Tür
11010;Marion Zimmer Bradley;Die Nebel von Avalon
11011;Bertolt Brecht;Die Dreigroschenoper
11012;Georg Büchner;Woyzeck
11013;Pedro Calderón de la Barca;Das Leben ein Traum
11014;Agatha Christie;Mord im Orient-Express
11015;Marion Gräfin Dönhoff;Kindheit in Ostpreußen
11016;Friedrich Dürrenmatt;Die Physiker
11017;Joachim Fest;Hitler. Eine Biographie
11018;Helen Fielding;Bridget Jones. Schokolade zum Frühstück
11019;Ken Follett;Die Säulen der Erde
11020;Theodor Fontane;Effi Briest
11021;Jonathan Franzen;Die Korrekturen
11022;Marianne Fredriksson;Hannas Töchter
11023;Elizabeth George;Gott schütze dieses Haus
11024;Ralph Giordano;Die Bertinis
11025;Johann Wolfgang von Goethe;Faust. Der Tragödie erster Teil
11026;Noah Gordon;Der Medicus
11027;Martha Grimes;Inspector Jury sucht den Kennington-Smaragd
11028;John Grisham;Die Firma
11029;Benoîte Groult;Salz auf unserer Haut
11030;Thomas Harris;Das Schweigen der Lämmer
11031;Gerhart Hauptmann;Die Weber
11032;Georg Hegel;Phänomenologie des Geistes
11033;Hugo von Hofmannsthal;Jedermann
11034;Nick Hornby;High Fidelity
11035;Siri Hustvedt;Was ich liebte
11036;Henrik Ibsen;Nora oder Ein Puppenheim
11037;Florian Illies;Generation Golf
11038;Janosch;Oh, wie schön ist Panama
11039;Wladimir Kaminer;Russendisko
11040;Heinrich von Kleist;Der zerbrochne Krug
11041;Hildegard Knef;Der geschenkte Gaul
11042;Heinz G. Konsalik;Der Arzt von Stalingrad
11043;Ildiko von Kürthy;Mondscheintarif
11044;Gotthold Ephraim Lessing;Nathan der Weise
11045;Hera Lind;Das Superweib
11046;Charlotte Link;Sturmzeit
11047;Loriot;Das Frühstücksei. Gesammelte dramatische Geschichten
11048;Heinrich Mann;Die Vollendung des Königs Henri Quatre
11049;Arthur Miller;Der Tod des Handlungsreisenden
11050;Walter Moers;Die 13½ Leben des Käpt’n Blaubär
11051;Molière;Der eingebildete Kranke
11052;Håkan Nesser;Der unglückliche Mörder
11053;Rosamunde Pilcher;Die Muschelsucher
11054;Jean Racine;Phädra
11055;Marcel Reich-Ranicki;Mein Leben
11056;Ruth Rendell;Die Besucherin
11057;Friedrich Schiller;Die Räuber
11058;Friedrich Schiller;Wilhelm Tell
11059;William Shakespeare;Hamlet
11060;William Shakespeare;Romeo und Julia
11061;Georges Simenon;Maigret und die alte Dame
11062;Sophokles;Antigone
11063;Martin Suter;Die dunkle Seite des Mondes
11064;Anton Tschechow;Drei Schwestern
11065;Minette Walters;Im Eishaus
11066;Walther von der Vogelweide;Gedichte
11067;Frank Wedekind;Frühlings Erwachen
11068;Urs Widmer;Der Geliebte der Mutter
11069;Carl Zuckmayer;Als wär’s ein Stück von mir
11070;Carl Zuckmayer;Hauptmann von Köpenick
11071;Stefanie Zweig;Nirgendwo in Afrika
